Variable	Coeficiente
R6_[H][*:6]	-0.48464264848708305
R1_CCCC[*:1]	0.395144255094277
R6_O[*:6]	0.31585857416433816
R1_CC(C)=CCCC(C)=CCCC(C)=CC[*:1]	-0.22253899597192192
R4_O[*:4]	0.20849500676566715
R4_[H][*:4]	-0.20840196099855735
R5_[H][*:5]	-0.095401079985533
R1_CC(C)=CCCC(C)=CC[*:1]	-0.006154590970679978
R2_[H][*:2]	-0.0
R1_CC(C)=CC[*:1]	0.0
R3_O[*:3]	0.0
R3_[H][*:3]	-0.0
R2_O[*:2]	0.0
R5_C(O[*:5])O[*:6]	-0.0
R5_O[*:5]	0.0
R5_CO[*:5]	0.0
R6_CO[*:6]	0.0
R6_C(O[*:5])O[*:6]	-0.0
